Topic,Top Terms
Topic 00,mobile,►,collaboration,network,hydrological
Topic 01,composition,not,used,energy,storage
Topic 02,authentication,users,was,their,selection
Topic 03,their,composition,scheme,security,existing
Topic 04,applications,composition,cloud,support,architecture
Topic 05,not,than,analysis,but,showed
Topic 06,composition,management,other,may,one
Topic 07,qos,site,iot,physicians,applications
Topic 08,hospitals,composition,was,effectiveness,systems
Topic 09,systems,framework,computing,rules,composition
Topic 10,access,medical,resource,our,research
Topic 11,systems,management,applications,new,architecture
Topic 12,doc,streams,stream,reinforcement,migration
Topic 13,saas,qualitative,was,users,their
Topic 14,accounting,income,⊔,but,draws
Topic 15,cloud,manufacturing,selection,proposed,qos
Topic 16,monitoring,functions,ecosystem,home,prediction
Topic 17,►,motivation,orientation,transfer,estimates
Topic 18,cloud,trust,mobile,performance,skyline
Topic 19,esophageal,device,les,submucosa,was
Topic 20,patients,was,hospital,injury,two
Topic 21,health,risk,prison,into,mitigation
